<?xml version="1.0" encoding="UTF-8"?>
<project-private xmlns="http://www.netbeans.org/ns/project-private/1">
    <editor-bookmarks xmlns="http://www.netbeans.org/ns/editor-bookmarks/2" lastBookmarkId="0"/>
    <open-files xmlns="http://www.netbeans.org/ns/projectui-open-files/2">
        <group>
            <file>file:/C:/Users/Juan%20Sebastian/Documents/NetBeansProjects/CoronaVirus/src/co/edu/usbbog/abd/coronavirus/view/Principal.java</file>
            <file>file:/C:/Users/Juan%20Sebastian/Documents/NetBeansProjects/CoronaVirus/src/co/edu/usbbog/abd/coronavirus/view/VehiculoView.java</file>
            <file>file:/C:/Users/Juan%20Sebastian/Documents/NetBeansProjects/CoronaVirus/src/co/edu/usbbog/abd/coronavirus/controller/logic/Unificador.java</file>
            <file>file:/C:/Users/Juan%20Sebastian/Documents/NetBeansProjects/CoronaVirus/src/co/edu/usbbog/abd/coronavirus/model/TxtJava.java</file>
            <file>file:/C:/Users/Juan%20Sebastian/Documents/NetBeansProjects/CoronaVirus/src/co/edu/usbbog/abd/coronavirus/model/Coronavirus.java</file>
        </group>
    </open-files>
</project-private>
